{
  "nodes": [
    {
      "parameters": {
        "workflowId": {
          "__rl": true,
          "value": "hMGvRwsBwCUQNTzt",
          "mode": "list",
          "cachedResultUrl": "/workflow/hMGvRwsBwCUQNTzt",
          "cachedResultName": "Token Manage"
        },
        "workflowInputs": {
          "mappingMode": "defineBelow",
          "value": {},
          "matchingColumns": [],
          "schema": [],
          "attemptToConvertTypes": false,
          "convertFieldsToString": true
        },
        "options": {}
      },
      "type": "n8n-nodes-base.executeWorkflow",
      "typeVersion": 1.3,
      "position": [
        240,
        240
      ],
      "id": "382ea8e2-7d92-4c99-a224-b7c373108796",
      "name": "获取accessToken"
    },
    {
      "parameters": {
        "url": "https://2libra.com/api/notifications/list",
        "sendQuery": true,
        "queryParameters": {
          "parameters": [
            {
              "name": "page",
              "value": "1"
            }
          ]
        },
        "sendHeaders": true,
        "headerParameters": {
          "parameters": [
            {
              "name": "accept",
              "value": "application/json, text/plain, */*"
            },
            {
              "name": "authorization",
              "value": "=Bearer {{ $json.accessToken }}"
            }
          ]
        },
        "sendBody": true,
        "bodyParameters": {
          "parameters": [
            {}
          ]
        },
        "options": {}
      },
      "type": "n8n-nodes-base.httpRequest",
      "typeVersion": 4.3,
      "position": [
        464,
        240
      ],
      "id": "9676981e-ae39-4027-8eb6-c8b628aacbd2",
      "name": "获取通知列表"
    },
    {
      "parameters": {
        "jsCode": "// 获取 webhook 推送的数据\n  // const webhookData = $('接收2Libra通知').first().json.body;\n\n  // 获取通知列表\n  const notificationResponse = $input.first().json;\n  const notifications = notificationResponse.d.list;\n\n  // 从 webhook title 中提取帖子标题\n  // 支持两种格式：\n  // 1. \"在帖子《xxx》收到回复\"\n  // 2. \"在帖子《xxx》有人@了你\"\n  // const titleMatch = webhookData.title.match(/在帖子《(.+?)》(?:收到回复|有人@了你)/);\n  // if (!titleMatch) {\n  //   throw new Error(`无法从 webhook 提取帖子标题。原始 title: ${webhookData.title}`);\n  // }\n  // const postTitleFromWebhook = titleMatch[1];\n  // const commentTextFromWebhook = webhookData.message;\n\n  // 在通知列表中查找匹配的评论\n  // 支持两种类型：type = \"reply\" 或 \"mention\"\n  const matchedNotification = notifications.find(n => {\n    // 只匹配评论回复和@提及\n    if (n.type !== 'reply' && n.type !== 'mention') return false;\n    if (!n.payload || !n.payload.commentText) return false;\n    return true;\n  });\n\n  if (!matchedNotification) {\n    throw new Error(`获取评论列表失败。`);\n  }\n\n  // 提取打赏所需信息\n  const result = {\n    postId: matchedNotification.payload.postId,\n    postSlug: matchedNotification.payload.postSlug,\n    postShortId: matchedNotification.payload.postShortId,\n    postTitle: matchedNotification.payload.postTitle,\n    commentId: matchedNotification.payload.commentId,\n    commentText: matchedNotification.payload.commentText,\n    fromUserId: matchedNotification.from_user_id,\n    fromUsername: matchedNotification.from_user.username,\n    postNodeSlug: matchedNotification.payload.postNodeSlug\n  };\n\n  return [result];"
      },
      "type": "n8n-nodes-base.code",
      "typeVersion": 2,
      "position": [
        704,
        240
      ],
      "id": "4d353917-c7df-4a65-ba38-533e20209194",
      "name": "匹配评论并提取信息"
    },
    {
      "parameters": {
        "operation": "get",
        "dataTableId": {
          "__rl": true,
          "value": "WCAU9vOXFrwP3sMx",
          "mode": "list",
          "cachedResultName": "reward_history",
          "cachedResultUrl": "/projects/Ah4UdWHyV7LiyTLe/datatables/WCAU9vOXFrwP3sMx"
        },
        "matchType": "allConditions",
        "filters": {
          "conditions": [
            {
              "keyName": "postId",
              "keyValue": "={{ $json.postId }}"
            },
            {
              "keyName": "fromUserId",
              "keyValue": "={{ $json.fromUserId }}"
            },
            {
              "keyName": "status",
              "keyValue": "0"
            }
          ]
        },
        "limit": 1
      },
      "type": "n8n-nodes-base.dataTable",
      "typeVersion": 1,
      "position": [
        912,
        240
      ],
      "id": "406217bb-45f1-47e5-a7b5-ebc8a3f11c88",
      "name": "查询是否已打赏此用户",
      "alwaysOutputData": true
    },
    {
      "parameters": {
        "conditions": {
          "options": {
            "caseSensitive": true,
            "leftValue": "",
            "typeValidation": "strict",
            "version": 2
          },
          "conditions": [
            {
              "id": "d5b04da7-e495-40a4-b37d-4058d5b26a4a",
              "leftValue": "={{ $json.hasField('id')}}",
              "rightValue": 0,
              "operator": {
                "type": "boolean",
                "operation": "true",
                "singleValue": true
              }
            },
            {
              "id": "73f4d96c-1cf4-48cd-9e8b-eaee6bc6bba5",
              "leftValue": "={{ $json.status }}",
              "rightValue": 0,
              "operator": {
                "type": "number",
                "operation": "equals"
              }
            }
          ],
          "combinator": "and"
        },
        "options": {}
      },
      "type": "n8n-nodes-base.if",
      "typeVersion": 2.2,
      "position": [
        1136,
        240
      ],
      "id": "f34b239e-f319-4738-bb5f-2fdb5ca48786",
      "name": "是否已打赏过"
    },
    {
      "parameters": {
        "jsCode": "  // 获取评论信息\n  const commentData = $('匹配评论并提取信息').first().json;\n\n  // 可选的打赏金额\n  const amounts = [25, 26, 28, 29, 30];\n\n  // 随机选择一个金额\n  const randomAmount = amounts[Math.floor(Math.random() * amounts.length)];\n\n  // 构建打赏路径（注意使用反引号）\n  const path = `/post/${commentData.postNodeSlug}/${commentData.postShortId}/${commentData.postSlug}?commentId=${commentData.commentId}`;\n\n  return [{\n    ...commentData,\n    amount: randomAmount,\n    path: path\n  }];"
      },
      "type": "n8n-nodes-base.code",
      "typeVersion": 2,
      "position": [
        1360,
        368
      ],
      "id": "22be8222-48c2-463c-9775-43cc5e10baf8",
      "name": "生成随机打赏金额"
    },
    {
      "parameters": {
        "method": "POST",
        "url": "https://2libra.com/api/rewards",
        "sendHeaders": true,
        "headerParameters": {
          "parameters": [
            {
              "name": "accept",
              "value": "application/json, text/plain, */*"
            },
            {
              "name": "authorization",
              "value": "=Bearer {{ $('获取accessToken').first().json.accessToken }}"
            }
          ]
        },
        "sendBody": true,
        "specifyBody": "json",
        "jsonBody": "=  {\n    \"type\": \"comment\",\n    \"amount\": {{ $json.amount }},\n    \"post_id\": \"{{ $json.postId }}\",\n    \"comment_id\": \"{{ $json.commentId }}\",\n    \"path\": \"{{ $json.path }}\"\n  }",
        "options": {
          "response": {
            "response": {
              "fullResponse": true
            }
          }
        }
      },
      "type": "n8n-nodes-base.httpRequest",
      "typeVersion": 4.3,
      "position": [
        1584,
        256
      ],
      "id": "09f34ef1-8c25-44c6-bae3-09eb7543e2f1",
      "name": "打赏评论",
      "alwaysOutputData": false,
      "onError": "continueRegularOutput"
    },
    {
      "parameters": {
        "dataTableId": {
          "__rl": true,
          "value": "WCAU9vOXFrwP3sMx",
          "mode": "list",
          "cachedResultName": "reward_history",
          "cachedResultUrl": "/projects/Ah4UdWHyV7LiyTLe/datatables/WCAU9vOXFrwP3sMx"
        },
        "columns": {
          "mappingMode": "defineBelow",
          "value": {
            "amount": "={{ $('生成随机打赏金额').first().json.amount }}",
            "status": 0,
            "postId": "={{ $('生成随机打赏金额').first().json. postId }}",
            "commentId": "={{ $('生成随机打赏金额').first().json.commentId }}",
            "fromUserId": "={{ $('生成随机打赏金额').first().json.fromUserId }}",
            "fromUsername": "={{ $('生成随机打赏金额').first().json. fromUsername }}",
            "message": "={{ $json.error.message }}||{{ $json.m }}"
          },
          "matchingColumns": [],
          "schema": [
            {
              "id": "postId",
              "displayName": "postId",
              "required": false,
              "defaultMatch": false,
              "display": true,
              "type": "string",
              "readOnly": false,
              "removed": false
            },
            {
              "id": "commentId",
              "displayName": "commentId",
              "required": false,
              "defaultMatch": false,
              "display": true,
              "type": "string",
              "readOnly": false,
              "removed": false
            },
            {
              "id": "fromUserId",
              "displayName": "fromUserId",
              "required": false,
              "defaultMatch": false,
              "display": true,
              "type": "string",
              "readOnly": false,
              "removed": false
            },
            {
              "id": "fromUsername",
              "displayName": "fromUsername",
              "required": false,
              "defaultMatch": false,
              "display": true,
              "type": "string",
              "readOnly": false,
              "removed": false
            },
            {
              "id": "amount",
              "displayName": "amount",
              "required": false,
              "defaultMatch": false,
              "display": true,
              "type": "number",
              "readOnly": false,
              "removed": false
            },
            {
              "id": "status",
              "displayName": "status",
              "required": false,
              "defaultMatch": false,
              "display": true,
              "type": "number",
              "readOnly": false,
              "removed": false
            },
            {
              "id": "message",
              "displayName": "message",
              "required": false,
              "defaultMatch": false,
              "display": true,
              "type": "string",
              "readOnly": false,
              "removed": false
            }
          ],
          "attemptToConvertTypes": false,
          "convertFieldsToString": false
        },
        "options": {}
      },
      "type": "n8n-nodes-base.dataTable",
      "typeVersion": 1,
      "position": [
        1808,
        256
      ],
      "id": "055974b2-26f8-4607-b4b5-9bd23f13b27c",
      "name": "保存打赏记录"
    },
    {
      "parameters": {
        "rule": {
          "interval": [
            {
              "triggerAtHour": 10,
              "triggerAtMinute": 15
            },
            {
              "triggerAtHour": 16,
              "triggerAtMinute": 15
            }
          ]
        }
      },
      "type": "n8n-nodes-base.scheduleTrigger",
      "typeVersion": 1.3,
      "position": [
        0,
        16
      ],
      "id": "eeb05c66-e3f4-4daa-9b72-ff816e774a22",
      "name": "Schedule Trigger"
    }
  ],
  "connections": {
    "获取accessToken": {
      "main": [
        [
          {
            "node": "获取通知列表",
            "type": "main",
            "index": 0
          }
        ]
      ]
    },
    "获取通知列表": {
      "main": [
        [
          {
            "node": "匹配评论并提取信息",
            "type": "main",
            "index": 0
          }
        ]
      ]
    },
    "匹配评论并提取信息": {
      "main": [
        [
          {
            "node": "查询是否已打赏此用户",
            "type": "main",
            "index": 0
          }
        ]
      ]
    },
    "查询是否已打赏此用户": {
      "main": [
        [
          {
            "node": "是否已打赏过",
            "type": "main",
            "index": 0
          }
        ]
      ]
    },
    "是否已打赏过": {
      "main": [
        [],
        [
          {
            "node": "生成随机打赏金额",
            "type": "main",
            "index": 0
          }
        ]
      ]
    },
    "生成随机打赏金额": {
      "main": [
        [
          {
            "node": "打赏评论",
            "type": "main",
            "index": 0
          }
        ]
      ]
    },
    "打赏评论": {
      "main": [
        [
          {
            "node": "保存打赏记录",
            "type": "main",
            "index": 0
          }
        ]
      ]
    },
    "Schedule Trigger": {
      "main": [
        [
          {
            "node": "获取accessToken",
            "type": "main",
            "index": 0
          }
        ]
      ]
    }
  },
  "pinData": {},
  "meta": {
    "instanceId": "6a87b8d4d5be0139643e76db19f5519e3cd5b7a80f22dbde80b68cd6935efca7"
  }
}