{
  "nodes": [
    {
      "parameters": {
        "operation": "get",
        "dataTableId": {
          "__rl": true,
          "value": "7zQDIrtjdscpoqCZ",
          "mode": "list",
          "cachedResultName": "auth_tokens",
          "cachedResultUrl": "/projects/Ah4UdWHyV7LiyTLe/datatables/7zQDIrtjdscpoqCZ"
        },
        "returnAll": true
      },
      "type": "n8n-nodes-base.dataTable",
      "typeVersion": 1,
      "position": [
        -1344,
        320
      ],
      "id": "aa06f692-d0aa-418d-ae0f-97afe8f76686",
      "name": "Get row(s)",
      "alwaysOutputData": true
    },
    {
      "parameters": {
        "conditions": {
          "options": {
            "caseSensitive": true,
            "leftValue": "",
            "typeValidation": "strict",
            "version": 2
          },
          "conditions": [
            {
              "id": "b4bdad0f-f0f5-4204-ba83-93cfb03ce4f3",
              "leftValue": "={{ $('Get row(s)').first().json.accessToken}}",
              "rightValue": "test1",
              "operator": {
                "type": "string",
                "operation": "notEmpty",
                "singleValue": true
              }
            }
          ],
          "combinator": "and"
        },
        "options": {}
      },
      "type": "n8n-nodes-base.if",
      "typeVersion": 2.2,
      "position": [
        -1120,
        320
      ],
      "id": "eb5aabfa-fa2d-4344-9211-24eefb01916c",
      "name": "If"
    },
    {
      "parameters": {},
      "type": "n8n-nodes-base.manualTrigger",
      "typeVersion": 1,
      "position": [
        -1568,
        320
      ],
      "id": "1b318925-cc92-41a5-a4a6-b3ac8219f741",
      "name": "When clicking ‘Execute workflow’"
    },
    {
      "parameters": {
        "method": "POST",
        "url": "https://2libra.com/api/auth/login",
        "sendHeaders": true,
        "headerParameters": {
          "parameters": [
            {
              "name": "accept",
              "value": "application/json, text/plain, */*"
            },
            {
              "name": "content-type",
              "value": "application/json"
            }
          ]
        },
        "sendBody": true,
        "bodyParameters": {
          "parameters": [
            {
              "name": "username",
              "value": "=your_username"
            },
            {
              "name": "password",
              "value": "=your_password"
            },
            {
              "name": "twoFaCode"
            }
          ]
        },
        "options": {
          "response": {
            "response": {
              "fullResponse": true
            }
          }
        }
      },
      "type": "n8n-nodes-base.httpRequest",
      "typeVersion": 4.3,
      "position": [
        0,
        336
      ],
      "id": "ef080c00-2828-4b6d-ac45-d6187e3943e7",
      "name": "登录获取Token"
    },
    {
      "parameters": {
        "jsCode": "// 获取登录响应\n  const response = $input.first().json;\n  const setCookies = response.headers['set-cookie'];\n\n  // 1. 从响应体获取 access_token\n  const accessToken = response.body.d.access_token;\n\n  // 2. 从 Set-Cookie 头解析 tokens 和过期时间\n  let refreshToken = '';\n  let accessExpires = 0;\n  let refreshExpires = 0;\n\n  // 解析 access_token cookie（包含 Max-Age）\n  const accessCookie = setCookies.find(c => c.startsWith('access_token='));\n  if (accessCookie) {\n    const maxAgeMatch = accessCookie.match(/Max-Age=(\\d+)/);\n    if (maxAgeMatch) {\n      accessExpires = Math.floor(Date.now() / 1000) + parseInt(maxAgeMatch[1]);\n    }\n  }\n\n  // 解析 refresh_token cookie\n  const refreshCookie = setCookies.find(c => c.startsWith('refresh_token='));\n  if (refreshCookie) {\n    const tokenMatch = refreshCookie.match(/refresh_token=([^;]+)/);\n    if (tokenMatch) {\n      refreshToken = tokenMatch[1];\n    }\n\n    const maxAgeMatch = refreshCookie.match(/Max-Age=(\\d+)/);\n    if (maxAgeMatch) {\n      refreshExpires = Math.floor(Date.now() / 1000) + parseInt(maxAgeMatch[1]);\n    }\n  }\n\n  // 3. 从 JWT 解析 access_token 的过期时间（更准确）\n  try {\n    const jwtPayload = JSON.parse(\n      Buffer.from(accessToken.split('.')[1], 'base64').toString()\n    );\n    accessExpires = jwtPayload.exp;\n  } catch (e) {\n    console.log('解析 JWT 失败，使用 Max-Age 计算的过期时间');\n  }\n\n  // 4. 准备要存入 DataTables 的数据（注意字段名是小驼峰）\n  const now = Math.floor(Date.now() / 1000);\n\n  // 尝试获取现有的 id（如果是重新登录的情况）\n  let existingId = null;\n  try {\n    const queryResult = $('Get row(s)').first().json;\n    if (queryResult && queryResult.id) {\n      existingId = queryResult.id;\n    }\n  } catch (e) {\n    console.log('未找到现有记录，将插入新数据');\n  }\n\n  const result = {\n    accessToken: accessToken,\n    refreshToken: refreshToken,\n    accessExpires: accessExpires,\n    refreshExpires: refreshExpires,\n    createdAt: now,\n    updatedAt: now\n  };\n\n  // 如果有现有 id，添加进去用于 Upsert 匹配\n  if (existingId) {\n    result.id = existingId;\n  }\n\n  return [result];"
      },
      "type": "n8n-nodes-base.code",
      "typeVersion": 2,
      "position": [
        224,
        336
      ],
      "id": "07719228-22e8-4fcd-96ef-48050515ea07",
      "name": "解析Token数据"
    },
    {
      "parameters": {
        "operation": "upsert",
        "dataTableId": {
          "__rl": true,
          "value": "7zQDIrtjdscpoqCZ",
          "mode": "list",
          "cachedResultName": "auth_tokens",
          "cachedResultUrl": "/projects/Ah4UdWHyV7LiyTLe/datatables/7zQDIrtjdscpoqCZ"
        },
        "filters": {
          "conditions": [
            {
              "keyValue": "={{ $json.id }}"
            }
          ]
        },
        "columns": {
          "mappingMode": "autoMapInputData",
          "value": {},
          "matchingColumns": [],
          "schema": [
            {
              "id": "accessToken",
              "displayName": "accessToken",
              "required": false,
              "defaultMatch": false,
              "display": true,
              "type": "string",
              "readOnly": false,
              "removed": false
            },
            {
              "id": "refreshToken",
              "displayName": "refreshToken",
              "required": false,
              "defaultMatch": false,
              "display": true,
              "type": "string",
              "readOnly": false,
              "removed": false
            },
            {
              "id": "accessExpires",
              "displayName": "accessExpires",
              "required": false,
              "defaultMatch": false,
              "display": true,
              "type": "number",
              "readOnly": false,
              "removed": false
            },
            {
              "id": "refreshExpires",
              "displayName": "refreshExpires",
              "required": false,
              "defaultMatch": false,
              "display": true,
              "type": "number",
              "readOnly": false,
              "removed": false
            }
          ],
          "attemptToConvertTypes": false,
          "convertFieldsToString": false
        },
        "options": {}
      },
      "type": "n8n-nodes-base.dataTable",
      "typeVersion": 1,
      "position": [
        448,
        336
      ],
      "id": "d33ed90b-a2c7-47ea-8ece-987d9ed5c1ca",
      "name": "保存Token到数据库",
      "alwaysOutputData": true
    },
    {
      "parameters": {
        "jsCode": "  // 从 DataTables 查询节点获取数据\n  const tokenData = $('Get row(s)').first().json;\n\n  const now = Math.floor(Date.now() / 1000);\n\n  // 从 JWT 解析过期时间（最准确的方式）\n  let accessExpires = tokenData.accessExpires;\n\n  try {\n    const jwtPayload = JSON.parse(\n      Buffer.from(tokenData.accessToken.split('.')[1], 'base64').toString()\n    );\n    accessExpires = jwtPayload.exp;\n  } catch (e) {\n    console.log('解析 JWT 失败，使用存储的过期时间');\n  }\n\n  // 提前 5 分钟判断过期（300秒缓冲，避免边界情况）\n  const isExpired = (accessExpires - 300) < now;\n\n  // 计算还剩多少秒过期\n  const expiresInSeconds = accessExpires - now;\n\n  return [{\n    ...tokenData,\n    isExpired: isExpired,\n    currentTime: now,\n    accessExpires: accessExpires,\n    expiresInSeconds: expiresInSeconds\n  }];"
      },
      "type": "n8n-nodes-base.code",
      "typeVersion": 2,
      "position": [
        -896,
        144
      ],
      "id": "61783e73-c12d-4e00-b45d-17cd305fe37f",
      "name": "检查AccessToken是否过期"
    },
    {
      "parameters": {
        "conditions": {
          "options": {
            "caseSensitive": true,
            "leftValue": "",
            "typeValidation": "strict",
            "version": 2
          },
          "conditions": [
            {
              "id": "0dfbabad-a5fb-4e63-ae32-cb424afc5b67",
              "leftValue": "={{ $json.isExpired }}",
              "rightValue": "false",
              "operator": {
                "type": "boolean",
                "operation": "true",
                "singleValue": true
              }
            }
          ],
          "combinator": "and"
        },
        "options": {}
      },
      "type": "n8n-nodes-base.if",
      "typeVersion": 2.2,
      "position": [
        -672,
        144
      ],
      "id": "f662fa96-34e1-411c-85a5-296c69f7938d",
      "name": "AccessToken是否过期"
    },
    {
      "parameters": {
        "assignments": {
          "assignments": [
            {
              "id": "2694f572-8630-4266-b0d9-dd28f13be177",
              "name": "accessToken",
              "value": "={{ $json.accessToken }}",
              "type": "string"
            }
          ]
        },
        "options": {}
      },
      "type": "n8n-nodes-base.set",
      "typeVersion": 3.4,
      "position": [
        -448,
        240
      ],
      "id": "214ad7a0-29a4-437d-b8c8-e759e9f1489b",
      "name": "Edit Fields"
    },
    {
      "parameters": {
        "jsCode": "// 获取上一个节点的数据\n  const tokenData = $input.first().json;\n\n  const now = Math.floor(Date.now() / 1000);\n\n  // 检查 refreshToken 是否过期\n  // 提前 1 天判断过期（86400秒缓冲）\n  const refreshExpires = tokenData.refreshExpires;\n  const isRefreshExpired = (refreshExpires - 86400) < now;\n\n  // 计算 refreshToken 还剩多少秒过期\n  const refreshExpiresInSeconds = refreshExpires - now;\n\n  return [{\n    ...tokenData,\n    isRefreshExpired: isRefreshExpired,\n    refreshExpiresInSeconds: refreshExpiresInSeconds\n  }];"
      },
      "type": "n8n-nodes-base.code",
      "typeVersion": 2,
      "position": [
        -448,
        48
      ],
      "id": "02312706-ee61-46e5-98a4-e1a1685f2820",
      "name": "检查refreshToken是否过期"
    },
    {
      "parameters": {
        "conditions": {
          "options": {
            "caseSensitive": true,
            "leftValue": "",
            "typeValidation": "strict",
            "version": 2
          },
          "conditions": [
            {
              "id": "135d52cf-b3ff-4956-9645-2128f9b43b7d",
              "leftValue": "={{ $json.isRefreshExpired }}",
              "rightValue": "",
              "operator": {
                "type": "boolean",
                "operation": "true",
                "singleValue": true
              }
            }
          ],
          "combinator": "and"
        },
        "options": {}
      },
      "type": "n8n-nodes-base.if",
      "typeVersion": 2.2,
      "position": [
        -224,
        48
      ],
      "id": "16b13d77-5ad7-47fb-aab1-142c6dc1a760",
      "name": "RefreshToken是否过期"
    },
    {
      "parameters": {
        "method": "POST",
        "url": "https://2libra.com/api/auth/refresh",
        "sendHeaders": true,
        "headerParameters": {
          "parameters": [
            {
              "name": "accept",
              "value": "application/json, text/plain, */*"
            },
            {
              "name": "Cookie",
              "value": "={{ $json.refreshToken }}"
            }
          ]
        },
        "options": {
          "response": {
            "response": {
              "fullResponse": true
            }
          }
        }
      },
      "type": "n8n-nodes-base.httpRequest",
      "typeVersion": 4.3,
      "position": [
        0,
        0
      ],
      "id": "aed2ac42-5f28-4f47-8ffa-39cc7be36c2f",
      "name": "刷新AccessToken"
    },
    {
      "parameters": {
        "jsCode": "// 获取刷新响应\n  const response = $input.item.json;\n\n  // 获取之前的 token 数据（从\"检查RefreshToken是否过期\"节点）\n  const oldTokenData = $('检查RefreshToken是否过期').first().json;\n\n  // 1. 从响应体获取新的 access_token\n  const newAccessToken = response.body.d.access_token;\n\n  // 2. 从 JWT 解析新的过期时间\n  let accessExpires = oldTokenData.accessExpires;\n  try {\n    const jwtPayload = JSON.parse(\n      Buffer.from(newAccessToken.split('.')[1], 'base64').toString()\n    );\n    accessExpires = jwtPayload.exp;\n  } catch (e) {\n    console.log('解析 JWT 失败');\n  }\n\n  // 3. 检查响应头是否有新的 refresh_token（通常刷新时不会换）\n  let refreshToken = oldTokenData.refreshToken;\n  let refreshExpires = oldTokenData.refreshExpires;\n\n  if (response.headers['set-cookie']) {\n    const refreshCookie = response.headers['set-cookie'].find(c => c.startsWith('refresh_token='));\n    if (refreshCookie) {\n      const tokenMatch = refreshCookie.match(/refresh_token=([^;]+)/);\n      if (tokenMatch) {\n        refreshToken = tokenMatch[1];\n      }\n\n      const maxAgeMatch = refreshCookie.match(/Max-Age=(\\d+)/);\n      if (maxAgeMatch) {\n        refreshExpires = Math.floor(Date.now() / 1000) + parseInt(maxAgeMatch[1]);\n      }\n    }\n  }\n\n  // 4. 准备更新数据（保留 id 和 createdAt）\n  const now = Math.floor(Date.now() / 1000);\n\n  return [{\n    id: oldTokenData.id,\n    accessToken: newAccessToken,\n    refreshToken: refreshToken,\n    accessExpires: accessExpires,\n    refreshExpires: refreshExpires,\n    updatedAt: now\n  }];"
      },
      "type": "n8n-nodes-base.code",
      "typeVersion": 2,
      "position": [
        224,
        0
      ],
      "id": "797ccea2-91e2-463b-b97d-4e86ce62b7fa",
      "name": "解析刷新后的AccessToken"
    },
    {
      "parameters": {
        "operation": "update",
        "dataTableId": {
          "__rl": true,
          "value": "oLWETlTzAymUxsP2",
          "mode": "list",
          "cachedResultName": "auth_tokens",
          "cachedResultUrl": "/projects/eUrCNRcnOPYONSIG/datatables/oLWETlTzAymUxsP2"
        },
        "filters": {
          "conditions": [
            {
              "keyValue": "={{ $json.id }}"
            }
          ]
        },
        "columns": {
          "mappingMode": "autoMapInputData",
          "value": {},
          "matchingColumns": [],
          "schema": [
            {
              "id": "accessToken",
              "displayName": "accessToken",
              "required": false,
              "defaultMatch": false,
              "display": true,
              "type": "string",
              "readOnly": false,
              "removed": false
            },
            {
              "id": "refreshToken",
              "displayName": "refreshToken",
              "required": false,
              "defaultMatch": false,
              "display": true,
              "type": "string",
              "readOnly": false,
              "removed": false
            },
            {
              "id": "accessExpires",
              "displayName": "accessExpires",
              "required": false,
              "defaultMatch": false,
              "display": true,
              "type": "number",
              "readOnly": false,
              "removed": false
            },
            {
              "id": "refreshExpires",
              "displayName": "refreshExpires",
              "required": false,
              "defaultMatch": false,
              "display": true,
              "type": "number",
              "readOnly": false,
              "removed": false
            }
          ],
          "attemptToConvertTypes": false,
          "convertFieldsToString": false
        },
        "options": {}
      },
      "type": "n8n-nodes-base.dataTable",
      "typeVersion": 1,
      "position": [
        448,
        0
      ],
      "id": "3c5a5f8c-72f5-4c1f-91ad-2a533a2aaa8b",
      "name": "更新AccessToken到数据库"
    },
    {
      "parameters": {
        "assignments": {
          "assignments": [
            {
              "id": "192c114b-4c1f-41d2-9606-2843fa5ef735",
              "name": "accessToken",
              "value": "={{ $json.accessToken }}",
              "type": "string"
            }
          ]
        },
        "options": {}
      },
      "type": "n8n-nodes-base.set",
      "typeVersion": 3.4,
      "position": [
        672,
        0
      ],
      "id": "8c0c9180-5d18-420a-a820-0902e1df4606",
      "name": "返回AccessToken"
    },
    {
      "parameters": {
        "assignments": {
          "assignments": [
            {
              "id": "648b21a5-4214-42b2-a7fc-07a93a1c4768",
              "name": "accessToken",
              "value": "={{ $json.accessToken }}",
              "type": "string"
            }
          ]
        },
        "options": {}
      },
      "type": "n8n-nodes-base.set",
      "typeVersion": 3.4,
      "position": [
        672,
        336
      ],
      "id": "a6b826f9-5609-4204-9e15-50aeb5c7e598",
      "name": "返回新AccessToken"
    }
  ],
  "connections": {
    "Get row(s)": {
      "main": [
        [
          {
            "node": "If",
            "type": "main",
            "index": 0
          }
        ]
      ]
    },
    "If": {
      "main": [
        [
          {
            "node": "检查AccessToken是否过期",
            "type": "main",
            "index": 0
          }
        ],
        [
          {
            "node": "登录获取Token",
            "type": "main",
            "index": 0
          }
        ]
      ]
    },
    "When clicking ‘Execute workflow’": {
      "main": [
        [
          {
            "node": "Get row(s)",
            "type": "main",
            "index": 0
          }
        ]
      ]
    },
    "登录获取Token": {
      "main": [
        [
          {
            "node": "解析Token数据",
            "type": "main",
            "index": 0
          }
        ]
      ]
    },
    "解析Token数据": {
      "main": [
        [
          {
            "node": "保存Token到数据库",
            "type": "main",
            "index": 0
          }
        ]
      ]
    },
    "保存Token到数据库": {
      "main": [
        [
          {
            "node": "返回新AccessToken",
            "type": "main",
            "index": 0
          }
        ]
      ]
    },
    "检查AccessToken是否过期": {
      "main": [
        [
          {
            "node": "AccessToken是否过期",
            "type": "main",
            "index": 0
          }
        ]
      ]
    },
    "AccessToken是否过期": {
      "main": [
        [
          {
            "node": "检查refreshToken是否过期",
            "type": "main",
            "index": 0
          }
        ],
        [
          {
            "node": "Edit Fields",
            "type": "main",
            "index": 0
          }
        ]
      ]
    },
    "检查refreshToken是否过期": {
      "main": [
        [
          {
            "node": "RefreshToken是否过期",
            "type": "main",
            "index": 0
          }
        ]
      ]
    },
    "RefreshToken是否过期": {
      "main": [
        [
          {
            "node": "刷新AccessToken",
            "type": "main",
            "index": 0
          }
        ],
        [
          {
            "node": "登录获取Token",
            "type": "main",
            "index": 0
          }
        ]
      ]
    },
    "刷新AccessToken": {
      "main": [
        [
          {
            "node": "解析刷新后的AccessToken",
            "type": "main",
            "index": 0
          }
        ]
      ]
    },
    "解析刷新后的AccessToken": {
      "main": [
        [
          {
            "node": "更新AccessToken到数据库",
            "type": "main",
            "index": 0
          }
        ]
      ]
    },
    "更新AccessToken到数据库": {
      "main": [
        [
          {
            "node": "返回AccessToken",
            "type": "main",
            "index": 0
          }
        ]
      ]
    }
  },
  "pinData": {},
  "meta": {
    "instanceId": "6a87b8d4d5be0139643e76db19f5519e3cd5b7a80f22dbde80b68cd6935efca7"
  }
}